-- phpMyAdmin SQL Dump
-- version 4.9.0.1
-- https://www.phpmyadmin.net/
--
-- Host: 127.0.0.1
-- Generation Time: Feb 03, 2020 at 09:06 AM
-- Server version: 10.3.16-MariaDB
-- PHP Version: 7.3.6

SET SQL_MODE = "NO_AUTO_VALUE_ON_ZERO";
SET AUTOCOMMIT = 0;
START TRANSACTION;
SET time_zone = "+00:00";


/*!40101 SET @OLD_CHARACTER_SET_CLIENT=@@CHARACTER_SET_CLIENT */;
/*!40101 SET @OLD_CHARACTER_SET_RESULTS=@@CHARACTER_SET_RESULTS */;
/*!40101 SET @OLD_COLLATION_CONNECTION=@@COLLATION_CONNECTION */;
/*!40101 SET NAMES utf8mb4 */;

--
-- Database: `db_barang`
--

-- --------------------------------------------------------

--
-- Table structure for table `barang`
--

CREATE TABLE `barang` (
  `id` varchar(10) NOT NULL,
  `nama` varchar(225) NOT NULL,
  `harga` int(11) NOT NULL,
  `stok` int(11) NOT NULL,
  `gambar` varchar(500) NOT NULL,
  `keterangan` varchar(500) DEFAULT NULL,
  `berat` int(11) NOT NULL
) ENGINE=InnoDB DEFAULT CHARSET=latin1;

--
-- Dumping data for table `barang`
--

INSERT INTO `barang` (`id`, `nama`, `harga`, `stok`, `gambar`, `keterangan`, `berat`) VALUES
('1', 'FINAL FANTASY VII REMAKE', 800000, 3, 'final-fantasy-vii-remake-listing-thumb-01-ps4-us-11jun19.jfif', '', 800000),
('10', 'The Dark Pictures Anthology: Man of Medan', 550000, 3, 'the-dark-pictures-man-of-medan-keyart.jfif', '', 550000),
('11', 'Catherine Full Body', 400000, 4, 'catherine-full-body-keyart.jfif', '', 400000),
('12', 'NBA 2K20', 450000, 3, 'nba-2k20-keyart.jfif', '', 450000),
('13', 'Monster Hunter World: Iceborne', 300000, 7, 'monster-hunter-world-iceborne-listing-thumb-01-ps4-us-09may19.jfif', '', 300000),
('15', 'eFootball PES 2020', 650000, 5, 'pro-evolution-soccer-2020-keyart.jfif', '', 650000),
('19', 'Borderlands 3', 400000, 3, 'borderlands-3-keyart.jfif', '', 400000),
('2', 'CODE VEIN', 750000, 4, 'code-vein-keyart.jfif', '', 750000),
('3', 'EA SPORTS™ FIFA 20', 600000, 3, 'ea-sports-fifa-20-keyart.jfif', '', 600000),
('4', 'ReadySet Heroes', 500000, 5, 'readyset-heroes-listing-thumb-01-ps4-12aug19-en-hk.jfif', '', 500000),
('5', 'Concrete Genie', 445000, 5, 'concrete-genie-keyart.jfif', '', 550000),
('7', 'MONKEY KING: HERO IS BACK', 1090000, 7, 'monkey-king-hero-is-back-keyart.jfif', '', 445000),
('8', 'MediEvil', 450000, 3, 'medievil-listing-thumb-01-ps4-02oct19-en-id.jfif', '', 450000),
('9', 'Call of Duty®: Modern Warfare®', 400000, 3, 'call-of-duty-modern-warfare-listing-thumb-01-ps4-us-30may19.jfif', '', 400000);

-- --------------------------------------------------------

--
-- Table structure for table `data_ph`
--

CREATE TABLE `data_ph` (
  `ph` float NOT NULL,
  `timestamp` timestamp NOT NULL DEFAULT current_timestamp() ON UPDATE current_timestamp()
) ENGINE=InnoDB DEFAULT CHARSET=latin1;

--
-- Dumping data for table `data_ph`
--

INSERT INTO `data_ph` (`ph`, `timestamp`) VALUES
(8, '2020-01-31 17:28:54'),
(4, '2020-01-31 17:29:54'),
(4, '2020-01-31 17:30:54'),
(3, '2020-01-31 17:31:54'),
(4, '2020-01-31 17:32:54'),
(2, '2020-01-31 17:33:54'),
(13, '2020-01-31 17:34:54'),
(13, '2020-01-31 17:35:54'),
(8, '2020-01-31 17:36:54'),
(14, '2020-01-31 17:37:54'),
(7, '2020-01-31 17:38:54'),
(0, '2020-01-31 17:39:54'),
(8, '2020-01-31 17:40:54'),
(11, '2020-01-31 17:41:54'),
(2, '2020-01-31 17:42:54'),
(12, '2020-01-31 17:43:54'),
(5, '2020-01-31 17:44:54'),
(4, '2020-01-31 17:45:54'),
(6, '2020-01-31 17:46:54'),
(6, '2020-01-31 17:47:54'),
(3, '2020-01-31 17:48:54'),
(6, '2020-01-31 17:49:54'),
(0, '2020-01-31 17:50:54'),
(13, '2020-01-31 17:51:54'),
(1, '2020-01-31 17:52:54'),
(0, '2020-01-31 17:53:54'),
(10, '2020-01-31 17:54:54'),
(10, '2020-01-31 17:55:54'),
(11, '2020-01-31 17:56:54'),
(3, '2020-01-31 17:57:54'),
(2, '2020-01-31 17:58:54'),
(4, '2020-01-31 17:59:54'),
(11, '2020-01-31 18:00:54'),
(3, '2020-01-31 18:01:54'),
(0, '2020-01-31 18:02:54'),
(6, '2020-01-31 18:03:54'),
(14, '2020-01-31 18:04:54'),
(0, '2020-01-31 18:05:54'),
(13, '2020-01-31 18:06:54'),
(0, '2020-01-31 18:07:54'),
(7, '2020-01-31 18:08:54'),
(12, '2020-01-31 18:09:54'),
(9, '2020-01-31 18:10:54'),
(7, '2020-01-31 18:11:54'),
(13, '2020-01-31 18:12:54'),
(12, '2020-01-31 18:13:54'),
(5, '2020-01-31 18:14:54'),
(7, '2020-01-31 18:15:54'),
(1, '2020-01-31 18:16:54'),
(12, '2020-01-31 18:17:54'),
(13, '2020-01-31 18:18:54'),
(4, '2020-01-31 18:19:54'),
(7, '2020-01-31 18:20:54'),
(5, '2020-01-31 18:21:54'),
(6, '2020-01-31 18:22:54'),
(1, '2020-01-31 18:23:54'),
(0, '2020-01-31 18:24:54'),
(13, '2020-01-31 18:25:54'),
(10, '2020-01-31 18:26:54'),
(14, '2020-01-31 18:27:54'),
(1, '2020-01-31 18:28:54'),
(11, '2020-01-31 18:29:54'),
(5, '2020-01-31 18:30:54'),
(9, '2020-01-31 18:31:54'),
(12, '2020-01-31 18:32:54'),
(1, '2020-01-31 18:33:54'),
(0, '2020-01-31 18:34:54'),
(10, '2020-01-31 18:35:54'),
(9, '2020-01-31 18:36:54'),
(2, '2020-01-31 18:37:54'),
(6, '2020-01-31 18:38:54'),
(1, '2020-01-31 18:39:54'),
(3, '2020-01-31 18:40:54'),
(13, '2020-01-31 18:41:54'),
(13, '2020-01-31 18:42:54'),
(1, '2020-01-31 18:43:54'),
(13, '2020-01-31 18:44:54'),
(13, '2020-01-31 18:45:54'),
(13, '2020-01-31 18:46:54'),
(6, '2020-01-31 18:47:54'),
(9, '2020-01-31 18:48:54'),
(2, '2020-01-31 18:49:54'),
(4, '2020-01-31 18:50:54'),
(9, '2020-01-31 18:51:54'),
(5, '2020-01-31 18:52:54'),
(9, '2020-01-31 18:53:54'),
(10, '2020-01-31 18:54:54'),
(12, '2020-01-31 18:55:54'),
(0, '2020-01-31 18:56:54'),
(7, '2020-01-31 18:57:54'),
(9, '2020-01-31 18:58:54'),
(6, '2020-01-31 18:59:54'),
(8, '2020-01-31 19:00:54'),
(9, '2020-01-31 19:01:54'),
(6, '2020-01-31 19:02:54'),
(14, '2020-01-31 19:03:54'),
(3, '2020-01-31 19:04:54'),
(1, '2020-01-31 19:05:54'),
(10, '2020-01-31 19:06:54'),
(1, '2020-01-31 19:07:54'),
(13, '2020-01-31 19:08:54'),
(11, '2020-01-31 19:09:54'),
(1, '2020-01-31 19:10:54'),
(13, '2020-01-31 19:11:54'),
(13, '2020-01-31 19:12:54'),
(3, '2020-01-31 19:13:54'),
(5, '2020-01-31 19:14:54'),
(8, '2020-01-31 19:15:54'),
(4, '2020-01-31 19:16:54'),
(14, '2020-01-31 19:17:54'),
(5, '2020-01-31 19:18:54'),
(14, '2020-01-31 19:19:54'),
(3, '2020-01-31 19:20:54'),
(7, '2020-01-31 19:21:54'),
(6, '2020-01-31 19:22:54'),
(2, '2020-01-31 19:23:54'),
(5, '2020-01-31 19:24:54'),
(14, '2020-01-31 19:25:54'),
(5, '2020-01-31 19:26:54'),
(1, '2020-01-31 19:27:54'),
(2, '2020-01-31 19:28:54'),
(0, '2020-01-31 19:29:54'),
(12, '2020-01-31 19:30:54'),
(3, '2020-01-31 19:31:54'),
(9, '2020-01-31 19:32:54'),
(4, '2020-01-31 19:33:54'),
(13, '2020-01-31 19:34:54'),
(6, '2020-01-31 19:35:54'),
(5, '2020-01-31 19:36:54'),
(7, '2020-01-31 19:37:54'),
(11, '2020-01-31 19:38:54'),
(7, '2020-01-31 19:39:54'),
(10, '2020-01-31 19:40:54'),
(2, '2020-01-31 19:41:54'),
(7, '2020-01-31 19:42:54'),
(3, '2020-01-31 19:43:54'),
(13, '2020-01-31 19:44:54'),
(11, '2020-01-31 19:45:54'),
(0, '2020-01-31 19:46:54'),
(1, '2020-01-31 19:47:54'),
(4, '2020-01-31 19:48:54'),
(5, '2020-01-31 19:49:54'),
(13, '2020-01-31 19:50:54'),
(6, '2020-01-31 19:51:54'),
(13, '2020-01-31 19:52:54'),
(14, '2020-01-31 19:53:54'),
(2, '2020-01-31 19:54:54'),
(2, '2020-01-31 19:55:54'),
(13, '2020-01-31 19:56:54'),
(10, '2020-01-31 19:57:54'),
(5, '2020-01-31 19:58:54'),
(3, '2020-01-31 19:59:54'),
(6, '2020-01-31 20:00:54'),
(9, '2020-01-31 20:01:54'),
(1, '2020-01-31 20:02:54'),
(5, '2020-01-31 20:03:54'),
(11, '2020-01-31 20:04:54'),
(6, '2020-01-31 20:05:54'),
(5, '2020-01-31 20:06:54'),
(12, '2020-01-31 20:07:54'),
(6, '2020-01-31 20:08:54'),
(4, '2020-01-31 20:09:54'),
(14, '2020-01-31 20:10:54'),
(4, '2020-01-31 20:11:54'),
(2, '2020-01-31 20:12:54'),
(12, '2020-01-31 20:13:54'),
(6, '2020-01-31 20:14:54'),
(14, '2020-01-31 20:15:54'),
(12, '2020-01-31 20:16:54'),
(9, '2020-01-31 20:17:54'),
(5, '2020-01-31 20:18:54'),
(5, '2020-01-31 20:19:54'),
(2, '2020-01-31 20:20:54'),
(1, '2020-01-31 20:21:54'),
(5, '2020-01-31 20:22:54'),
(4, '2020-01-31 20:23:54'),
(9, '2020-01-31 20:24:54'),
(2, '2020-01-31 20:25:54'),
(14, '2020-01-31 20:26:54'),
(13, '2020-01-31 20:27:54'),
(12, '2020-01-31 20:28:54'),
(10, '2020-01-31 20:29:54'),
(10, '2020-01-31 20:30:54'),
(7, '2020-01-31 20:31:54'),
(14, '2020-01-31 20:32:54'),
(6, '2020-01-31 20:33:54'),
(9, '2020-01-31 20:34:54'),
(4, '2020-01-31 20:35:54'),
(13, '2020-01-31 20:36:54'),
(3, '2020-01-31 20:37:54'),
(2, '2020-01-31 20:38:54'),
(8, '2020-01-31 20:39:54'),
(8, '2020-01-31 20:40:54'),
(2, '2020-01-31 20:41:54'),
(2, '2020-01-31 20:42:54'),
(8, '2020-01-31 20:43:54'),
(0, '2020-01-31 20:44:54'),
(14, '2020-01-31 20:45:54'),
(13, '2020-01-31 20:46:54'),
(8, '2020-01-31 20:47:54'),
(5, '2020-01-31 20:48:54'),
(13, '2020-01-31 20:49:54'),
(13, '2020-01-31 20:50:54'),
(7, '2020-01-31 20:51:54'),
(4, '2020-01-31 20:52:54'),
(12, '2020-01-31 20:53:54'),
(10, '2020-01-31 20:54:54'),
(12, '2020-01-31 20:55:54'),
(11, '2020-01-31 20:56:54'),
(12, '2020-01-31 20:57:54'),
(5, '2020-01-31 20:58:54'),
(9, '2020-01-31 20:59:54'),
(2, '2020-01-31 21:00:54'),
(11, '2020-01-31 21:01:54'),
(6, '2020-01-31 21:02:54'),
(8, '2020-01-31 21:03:54'),
(7, '2020-01-31 21:04:54'),
(14, '2020-01-31 21:05:54'),
(5, '2020-01-31 21:06:54'),
(6, '2020-01-31 21:07:54'),
(10, '2020-01-31 21:08:54'),
(6, '2020-01-31 21:09:54'),
(3, '2020-01-31 21:10:54'),
(10, '2020-01-31 21:11:54'),
(4, '2020-01-31 21:12:54'),
(9, '2020-01-31 21:13:54'),
(5, '2020-01-31 21:14:54'),
(1, '2020-01-31 21:15:54'),
(9, '2020-01-31 21:16:54'),
(7, '2020-01-31 21:17:54'),
(7, '2020-01-31 21:18:54'),
(8, '2020-01-31 21:19:54'),
(12, '2020-01-31 21:20:54'),
(13, '2020-01-31 21:21:54'),
(7, '2020-01-31 21:22:54'),
(11, '2020-01-31 21:23:54'),
(10, '2020-01-31 21:24:54'),
(8, '2020-01-31 21:25:54'),
(10, '2020-01-31 21:26:54'),
(11, '2020-01-31 21:27:54'),
(6, '2020-01-31 21:28:54'),
(6, '2020-01-31 21:29:54'),
(2, '2020-01-31 21:30:54'),
(3, '2020-01-31 21:31:54'),
(12, '2020-01-31 21:32:54'),
(14, '2020-01-31 21:33:54'),
(10, '2020-01-31 21:34:54'),
(0, '2020-01-31 21:35:54'),
(0, '2020-01-31 21:36:54'),
(4, '2020-01-31 21:37:54'),
(10, '2020-01-31 21:38:54'),
(14, '2020-01-31 21:39:54'),
(3, '2020-01-31 21:40:54'),
(5, '2020-01-31 21:41:54'),
(7, '2020-01-31 21:42:54'),
(8, '2020-01-31 21:43:54'),
(3, '2020-01-31 21:44:54'),
(9, '2020-01-31 21:45:54'),
(7, '2020-01-31 21:46:54'),
(11, '2020-01-31 21:47:54'),
(13, '2020-01-31 21:48:54'),
(11, '2020-01-31 21:49:54'),
(11, '2020-01-31 21:50:54'),
(1, '2020-01-31 21:51:54'),
(6, '2020-01-31 21:52:54'),
(5, '2020-01-31 21:53:54'),
(9, '2020-01-31 21:54:54'),
(14, '2020-01-31 21:55:54'),
(14, '2020-01-31 21:56:54'),
(10, '2020-01-31 21:57:54'),
(13, '2020-01-31 21:58:54'),
(12, '2020-01-31 21:59:54'),
(1, '2020-01-31 22:00:54'),
(8, '2020-01-31 22:01:54'),
(14, '2020-01-31 22:02:54'),
(2, '2020-01-31 22:03:54'),
(11, '2020-01-31 22:04:54'),
(14, '2020-01-31 22:05:54'),
(11, '2020-01-31 22:06:54'),
(3, '2020-01-31 22:07:54'),
(9, '2020-01-31 22:08:54'),
(10, '2020-01-31 22:09:54'),
(1, '2020-01-31 22:10:54'),
(0, '2020-01-31 22:11:54'),
(0, '2020-01-31 22:12:54'),
(14, '2020-01-31 22:13:54'),
(5, '2020-01-31 22:14:54'),
(3, '2020-01-31 22:15:54'),
(9, '2020-01-31 22:16:54'),
(14, '2020-01-31 22:17:54'),
(14, '2020-01-31 22:18:54'),
(13, '2020-01-31 22:19:54'),
(2, '2020-01-31 22:20:54'),
(13, '2020-01-31 22:21:54'),
(3, '2020-01-31 22:22:54'),
(6, '2020-01-31 22:23:54'),
(9, '2020-01-31 22:24:54'),
(5, '2020-01-31 22:25:54'),
(8, '2020-01-31 22:26:54'),
(1, '2020-01-31 22:27:54'),
(7, '2020-01-31 22:28:54'),
(8, '2020-01-31 22:29:54'),
(14, '2020-01-31 22:30:54'),
(5, '2020-01-31 22:31:54'),
(7, '2020-01-31 22:32:54'),
(3, '2020-01-31 22:33:54'),
(6, '2020-01-31 22:34:54'),
(2, '2020-01-31 22:35:54'),
(10, '2020-01-31 22:36:54'),
(9, '2020-01-31 22:37:54'),
(14, '2020-01-31 22:38:54'),
(10, '2020-01-31 22:39:54'),
(10, '2020-01-31 22:40:54'),
(14, '2020-01-31 22:41:54'),
(10, '2020-01-31 22:42:54'),
(6, '2020-01-31 22:43:54'),
(2, '2020-01-31 22:44:54'),
(10, '2020-01-31 22:45:54'),
(8, '2020-01-31 22:46:54'),
(0, '2020-01-31 22:47:54'),
(13, '2020-01-31 22:48:54'),
(11, '2020-01-31 22:49:54'),
(4, '2020-01-31 22:50:54'),
(5, '2020-01-31 22:51:54'),
(4, '2020-01-31 22:52:54'),
(5, '2020-01-31 22:53:54'),
(0, '2020-01-31 22:54:54'),
(13, '2020-01-31 22:55:54'),
(4, '2020-01-31 22:56:54'),
(2, '2020-01-31 22:57:54'),
(6, '2020-01-31 22:58:54'),
(1, '2020-01-31 22:59:54'),
(4, '2020-01-31 23:00:54'),
(4, '2020-01-31 23:01:54'),
(1, '2020-01-31 23:02:54'),
(7, '2020-01-31 23:03:54'),
(13, '2020-01-31 23:04:54'),
(11, '2020-01-31 23:05:54'),
(13, '2020-01-31 23:06:54'),
(4, '2020-01-31 23:07:54'),
(4, '2020-01-31 23:08:54'),
(13, '2020-01-31 23:09:54'),
(7, '2020-01-31 23:10:54'),
(2, '2020-01-31 23:11:54'),
(2, '2020-01-31 23:12:54'),
(13, '2020-01-31 23:13:54'),
(7, '2020-01-31 23:14:54'),
(7, '2020-01-31 23:15:54'),
(12, '2020-01-31 23:16:54'),
(5, '2020-01-31 23:17:54'),
(2, '2020-01-31 23:18:54'),
(13, '2020-01-31 23:19:54'),
(9, '2020-01-31 23:20:54'),
(13, '2020-01-31 23:21:54'),
(5, '2020-01-31 23:22:54'),
(7, '2020-01-31 23:23:54'),
(0, '2020-01-31 23:24:54'),
(12, '2020-01-31 23:25:54'),
(4, '2020-01-31 23:26:54'),
(3, '2020-01-31 23:27:54'),
(6, '2020-01-31 23:28:54'),
(13, '2020-01-31 23:29:54'),
(7, '2020-01-31 23:30:54'),
(10, '2020-01-31 23:31:54'),
(9, '2020-01-31 23:32:54'),
(13, '2020-01-31 23:33:54'),
(3, '2020-01-31 23:34:54'),
(6, '2020-01-31 23:35:54'),
(4, '2020-01-31 23:36:54'),
(14, '2020-01-31 23:37:54'),
(14, '2020-01-31 23:38:54'),
(12, '2020-01-31 23:39:54'),
(8, '2020-01-31 23:40:54'),
(2, '2020-01-31 23:41:54'),
(5, '2020-01-31 23:42:54'),
(4, '2020-01-31 23:43:54'),
(8, '2020-01-31 23:44:54'),
(2, '2020-01-31 23:45:54'),
(6, '2020-01-31 23:46:54'),
(3, '2020-01-31 23:47:54'),
(8, '2020-01-31 23:48:54'),
(0, '2020-01-31 23:49:54'),
(7, '2020-01-31 23:50:54'),
(1, '2020-01-31 23:51:54'),
(5, '2020-01-31 23:52:54'),
(3, '2020-01-31 23:53:54'),
(4, '2020-01-31 23:54:54'),
(7, '2020-01-31 23:55:54'),
(1, '2020-01-31 23:56:54'),
(12, '2020-01-31 23:57:54'),
(11, '2020-01-31 23:58:54'),
(0, '2020-01-31 23:59:54'),
(5, '2020-02-01 00:00:54'),
(13, '2020-02-01 00:01:54'),
(2, '2020-02-01 00:02:54'),
(11, '2020-02-01 00:03:54'),
(8, '2020-02-01 00:04:54'),
(7, '2020-02-01 00:05:54'),
(14, '2020-02-01 00:06:54'),
(14, '2020-02-01 00:07:54'),
(8, '2020-02-01 00:08:54'),
(9, '2020-02-01 00:09:54'),
(1, '2020-02-01 00:10:54'),
(6, '2020-02-01 00:11:54'),
(13, '2020-02-01 00:12:54'),
(10, '2020-02-01 00:13:54'),
(12, '2020-02-01 00:14:54'),
(12, '2020-02-01 00:15:54'),
(5, '2020-02-01 00:16:54'),
(12, '2020-02-01 00:17:54'),
(8, '2020-02-01 00:18:54'),
(8, '2020-02-01 00:19:54'),
(3, '2020-02-01 00:20:54'),
(2, '2020-02-01 00:21:54'),
(2, '2020-02-01 00:22:54'),
(11, '2020-02-01 00:23:54'),
(1, '2020-02-01 00:24:54'),
(8, '2020-02-01 00:25:54'),
(0, '2020-02-01 00:26:54'),
(8, '2020-02-01 00:27:54'),
(3, '2020-02-01 00:28:54'),
(9, '2020-02-01 00:29:54'),
(8, '2020-02-01 00:30:54'),
(11, '2020-02-01 00:31:54'),
(9, '2020-02-01 00:32:54'),
(12, '2020-02-01 00:33:54'),
(11, '2020-02-01 00:34:54'),
(4, '2020-02-01 00:35:54'),
(8, '2020-02-01 00:36:54'),
(11, '2020-02-01 00:37:54'),
(1, '2020-02-01 00:38:54'),
(4, '2020-02-01 00:39:54'),
(12, '2020-02-01 00:40:54'),
(6, '2020-02-01 00:41:54'),
(11, '2020-02-01 00:42:54'),
(7, '2020-02-01 00:43:54'),
(12, '2020-02-01 00:44:54'),
(13, '2020-02-01 00:45:54'),
(4, '2020-02-01 00:46:54'),
(12, '2020-02-01 00:47:54'),
(1, '2020-02-01 00:48:54'),
(3, '2020-02-01 00:49:54'),
(8, '2020-02-01 00:50:54'),
(12, '2020-02-01 00:51:54'),
(4, '2020-02-01 00:52:54'),
(7, '2020-02-01 00:53:54'),
(12, '2020-02-01 00:54:54'),
(0, '2020-02-01 00:55:54'),
(1, '2020-02-01 00:56:54'),
(13, '2020-02-01 00:57:54'),
(10, '2020-02-01 00:58:54'),
(11, '2020-02-01 00:59:54'),
(4, '2020-02-01 01:00:54'),
(5, '2020-02-01 01:01:54'),
(6, '2020-02-01 01:02:54'),
(14, '2020-02-01 01:03:54'),
(14, '2020-02-01 01:04:54'),
(5, '2020-02-01 01:05:54'),
(9, '2020-02-01 01:06:54'),
(8, '2020-02-01 01:07:54'),
(9, '2020-02-01 01:08:54'),
(12, '2020-02-01 01:09:54'),
(14, '2020-02-01 01:10:54'),
(6, '2020-02-01 01:11:54'),
(13, '2020-02-01 01:12:54'),
(2, '2020-02-01 01:13:54'),
(6, '2020-02-01 01:14:54'),
(10, '2020-02-01 01:15:54'),
(1, '2020-02-01 01:16:54'),
(3, '2020-02-01 01:17:54'),
(3, '2020-02-01 01:18:54'),
(3, '2020-02-01 01:19:54'),
(14, '2020-02-01 01:20:54'),
(6, '2020-02-01 01:21:54'),
(6, '2020-02-01 01:22:54'),
(4, '2020-02-01 01:23:54'),
(5, '2020-02-01 01:24:54'),
(10, '2020-02-01 01:25:54'),
(7, '2020-02-01 01:26:54'),
(11, '2020-02-01 01:27:54'),
(7, '2020-02-01 12:07:59'),
(8, '2020-02-01 12:07:59'),
(4, '2020-02-01 12:09:00'),
(5, '2020-02-01 12:09:00'),
(3, '2020-02-02 04:18:44'),
(5, '2020-02-02 09:34:35');

-- --------------------------------------------------------

--
-- Table structure for table `jual`
--

CREATE TABLE `jual` (
  `nopjl` varchar(255) NOT NULL,
  `id_barang` varchar(10) NOT NULL,
  `jmljual` int(11) NOT NULL,
  `hargajual` int(11) NOT NULL
) ENGINE=InnoDB DEFAULT CHARSET=latin1;

--
-- Dumping data for table `jual`
--

INSERT INTO `jual` (`nopjl`, `id_barang`, `jmljual`, `hargajual`) VALUES
('5d9bfb17e6c97', '1', 2, 1090000),
('5d9bfb17e6c97', '2', 1, 2500),
('5d9bfb74db8aa', '1', 2, 1090000),
('5d9bfb74db8aa', '2', 1, 2500),
('5da2a908c6bfe', '2', 1, 2500),
('5da482e224b89', '5', 2, 4000),
('5da482e224b89', '4', 1, 2000),
('5da51ebfc3c5c', '1', 1, 1090000),
('5da51ebfc3c5c', '2', 1, 2500),
('5da51ebfc3c5c', '3', 3, 4000);

-- --------------------------------------------------------

--
-- Table structure for table `mahasiswa`
--

CREATE TABLE `mahasiswa` (
  `nim` int(11) NOT NULL,
  `nama` varchar(255) NOT NULL,
  `jenis_kelamin` int(3) NOT NULL,
  `pendidikan` int(5) NOT NULL,
  `telepon` varchar(255) NOT NULL,
  `email` varchar(255) NOT NULL,
  `hobby` varchar(255) DEFAULT NULL
) ENGINE=InnoDB DEFAULT CHARSET=latin1;

--
-- Dumping data for table `mahasiswa`
--

INSERT INTO `mahasiswa` (`nim`, `nama`, `jenis_kelamin`, `pendidikan`, `telepon`, `email`, `hobby`) VALUES
(123123123, 'adwdawda', 2, 1, '12124141414', 'superadmin@admin.com', 'Sepak Bola, Berenang, Lari'),
(171511045, 'Mufadhil Hisyam', 1, 3, '+12312321321', 'hisyam@gmail.com', NULL),
(171511057, 'Qotrun N', 2, 3, '13123121123', 'faldoraey@yahoo.com', NULL),
(171511058, 'Raey Faldo', 1, 3, '081214591964', 'raey3221@gmail.com', NULL);

-- --------------------------------------------------------

--
-- Table structure for table `pendidikan`
--

CREATE TABLE `pendidikan` (
  `id_pendidikan` int(11) NOT NULL,
  `nama_pendidikan` varchar(255) NOT NULL
) ENGINE=InnoDB DEFAULT CHARSET=latin1;

--
-- Dumping data for table `pendidikan`
--

INSERT INTO `pendidikan` (`id_pendidikan`, `nama_pendidikan`) VALUES
(1, 'SDN'),
(2, 'SMP'),
(3, 'SMA');

-- --------------------------------------------------------

--
-- Table structure for table `penjualan`
--

CREATE TABLE `penjualan` (
  `nopjl` varchar(255) NOT NULL,
  `tanggal` date NOT NULL,
  `total` int(11) NOT NULL,
  `nama_pembeli` varchar(255) NOT NULL,
  `hp` varchar(255) NOT NULL,
  `alamat` varchar(255) NOT NULL,
  `kota` varchar(255) NOT NULL,
  `kode_pos` varchar(255) NOT NULL,
  `status` varchar(15) NOT NULL
) ENGINE=InnoDB DEFAULT CHARSET=latin1;

--
-- Dumping data for table `penjualan`
--

INSERT INTO `penjualan` (`nopjl`, `tanggal`, `total`, `nama_pembeli`, `hp`, `alamat`, `kota`, `kode_pos`, `status`) VALUES
('5d9bfb74db8aa', '2019-10-08', 2182500, 'Raey faldo', '09898', 'uihiuh', 'Bandung', '2343423', 'Sudah Kirim'),
('5da2a908c6bfe', '2019-10-13', 2500, 'GGWP', '0912380124', 'JL. BKR', 'Bandung', '12312', 'Sudah Kirim'),
('5da482e224b89', '2019-10-14', 10000, '', '', '', 'Pilih Kota/Kabupaten Tujuan', '', 'Sudah Kirim'),
('5da51ebfc3c5c', '2019-10-15', 1104500, '', '', '', '152', '', 'Sudah Kirim');

-- --------------------------------------------------------

--
-- Table structure for table `user`
--

CREATE TABLE `user` (
  `id` varchar(255) NOT NULL,
  `username` varchar(255) NOT NULL,
  `password` varchar(255) NOT NULL
) ENGINE=InnoDB DEFAULT CHARSET=latin1;

--
-- Dumping data for table `user`
--

INSERT INTO `user` (`id`, `username`, `password`) VALUES
('1', 'admin', '21232f297a57a5a743894a0e4a801fc3');

--
-- Indexes for dumped tables
--

--
-- Indexes for table `barang`
--
ALTER TABLE `barang`
  ADD PRIMARY KEY (`id`);

--
-- Indexes for table `mahasiswa`
--
ALTER TABLE `mahasiswa`
  ADD PRIMARY KEY (`nim`);

--
-- Indexes for table `pendidikan`
--
ALTER TABLE `pendidikan`
  ADD PRIMARY KEY (`id_pendidikan`);

--
-- Indexes for table `penjualan`
--
ALTER TABLE `penjualan`
  ADD PRIMARY KEY (`nopjl`);

--
-- Indexes for table `user`
--
ALTER TABLE `user`
  ADD PRIMARY KEY (`id`);
COMMIT;

/*!40101 SET CHARACTER_SET_CLIENT=@OLD_CHARACTER_SET_CLIENT */;
/*!40101 SET CHARACTER_SET_RESULTS=@OLD_CHARACTER_SET_RESULTS */;
/*!40101 SET COLLATION_CONNECTION=@OLD_COLLATION_CONNECTION */;
